latitud,cat_nom_catala,codi,espai_verd,adreca,catalogacio,nom_districte,tipus_element,cat_nom_castella,nom_barri,geom,cat_nom_cientific,x_etrs89,data_plantacio,codi_barri,longitud,codi_districte,tipus_reg,categoria_arbrat,cat_especie_id,tipus_aigua,y_etrs89,_id
41.4365081,Palmera datilera; palmera de dàtils,0000377AR,"Central de Nou Barris, Parc","Pl Major de Nou Barris, 0",,NOU BARRIS,PALMERA ZONA,Palmera datilera,LA GUINEUETA,POINT (430700.646948769 4587547.43192232),Phoenix dactylifera,430700.647,,48,2.1705107,8,GOTEIG,TERCERA,48,,4587547.432,1
41.4365615,palmera de la reina,0000378AR,"Central de Nou Barris, Parc","Pl Major de Nou Barris, 0",,NOU BARRIS,PALMERA ZONA,palmera pindó,LA GUINEUETA,POINT (430702.11468789 4587553.34704427),Syagrus romanzoffiana,430702.115,2026-06-10T00:00:00,48,2.1705276,8,GOTEIG,PRIMERA,485,,4587553.347,2
41.4377690,Plàtan,0000386AR,"Central de Nou Barris, Parc","C\ Doctor Letamendi, 90",,HORTA - GUINARDÓ,ARBRE ZONA,Plátano,HORTA,POINT (430035.238676006 4587693.83631125),Platanus × acerifolia,430035.239,,43,2.1625299,7,SENSE INFORMAR,SEGONA,126,,4587693.836,3
41.4377883,Plàtan,0000387AR,"Central de Nou Barris, Parc","C\ Doctor Letamendi, 90",,HORTA - GUINARDÓ,ARBRE ZONA,Plátano,HORTA,POINT (430032.831137134 4587696.00500337),Platanus × acerifolia,430032.831,,43,2.1625008,7,SENSE INFORMAR,SEGONA,126,,4587696.005,4
41.4378096,Plàtan,0000388AR,"Central de Nou Barris, Parc","C\ Doctor Letamendi, 90",,HORTA - GUINARDÓ,ARBRE ZONA,Plátano,HORTA,POINT (430030.366746935 4587698.39336605),Platanus × acerifolia,430030.367,,43,2.1624711,7,SENSE INFORMAR,TERCERA,126,,4587698.393,5
41.4352512,Pi blanc,0000389AR,"Central de Nou Barris, Parc","C\ Borgonya, 2",,NOU BARRIS,ARBRE ZONA,Pino carrasco,LA GUINEUETA,POINT (430581.229942096 4587409.02061396),Pinus halepensis,430581.230,,48,2.1690974,8,DIFUSIÓ,EXEMPLAR,99,,4587409.021,6
41.4353079,Pi blanc,0000390AR,"Central de Nou Barris, Parc","C\ Borgonya, 2",,NOU BARRIS,ARBRE ZONA,Pino carrasco,LA GUINEUETA,POINT (430582.139273451 4587415.30945203),Pinus halepensis,430582.139,,48,2.1691076,8,DIFUSIÓ,EXEMPLAR,99,,4587415.309,7
41.4353705,Pi blanc,0000391AR,"Central de Nou Barris, Parc","C\ Borgonya, 2",,NOU BARRIS,ARBRE ZONA,Pino carrasco,LA GUINEUETA,POINT (430582.624170898 4587422.26282952),Pinus halepensis,430582.624,,48,2.1691126,8,DIFUSIÓ,EXEMPLAR,99,,4587422.263,8
41.4355220,Pi pinyoner; pi pinyer,0000392AR,"Central de Nou Barris, Parc","C\ Borgonya, 6",,NOU BARRIS,ARBRE ZONA,Pino piñonero,LA GUINEUETA,POINT (430585.371358998 4587439.05652487),Pinus pinea,430585.371,,48,2.1691435,8,GOTEIG,EXEMPLAR,108,,4587439.057,9
41.4355767,Pi blanc,0000393AR,"Central de Nou Barris, Parc","C\ Borgonya, 6",,NOU BARRIS,ARBRE ZONA,Pino carrasco,LA GUINEUETA,POINT (430586.012702389 4587445.11899775),Pinus halepensis,430586.013,,48,2.1691505,8,GOTEIG,EXEMPLAR,99,,4587445.119,10
41.4356240,Pi blanc,0000394AR,"Central de Nou Barris, Parc","C\ Borgonya, 6",,NOU BARRIS,ARBRE ZONA,Pino carrasco,LA GUINEUETA,POINT (430586.54742735 4587450.3611847),Pinus halepensis,430586.547,,48,2.1691563,8,GOTEIG,EXEMPLAR,99,,4587450.361,11
41.4357037,Pi blanc,0000395AR,"Central de Nou Barris, Parc","C\ Borgonya, 10",,NOU BARRIS,ARBRE ZONA,Pino carrasco,LA GUINEUETA,POINT (430587.981402006 4587459.20512812),Pinus halepensis,430587.981,,48,2.1691724,8,DIFUSIÓ,EXEMPLAR,99,,4587459.205,12
41.4357329,Palmera de Canaries; palmera de Canàries,0000396AR,"Central de Nou Barris, Parc","C\ Borgonya, 10",,NOU BARRIS,PALMERA ZONA,Palmera canaria,LA GUINEUETA,POINT (430588.274464967 4587462.4350133),Phoenix canariensis,430588.274,,48,2.1691756,8,DIFUSIÓ,SEGONA,47,,4587462.435,13
41.4359833,Pi pinyoner; pi pinyer,0000398AR,"Central de Nou Barris, Parc","C\ Vilalba dels Arcs, 6",,NOU BARRIS,ARBRE ZONA,Pino piñonero,LA GUINEUETA,POINT (430592.023437194 4587490.20416809),Pinus pinea,430592.023,,48,2.1692173,8,GOTEIG,TERCERA,108,,4587490.204,14
41.4359423,Pi pinyoner; pi pinyer,0000399AR,"Central de Nou Barris, Parc","C\ Vilalba dels Arcs, 6",,NOU BARRIS,ARBRE ZONA,Pino piñonero,LA GUINEUETA,POINT (430591.594350858 4587485.65423251),Pinus pinea,430591.594,,48,2.1692126,8,GOTEIG,SEGONA,108,,4587485.654,15
41.4359755,Pi pinyoner; pi pinyer,0000400AR,"Central de Nou Barris, Parc","C\ Vilalba dels Arcs, 6",,NOU BARRIS,ARBRE ZONA,Pino piñonero,LA GUINEUETA,POINT (430596.533854596 4587489.29594802),Pinus pinea,430596.534,,48,2.1692713,8,GOTEIG,TERCERA,108,,4587489.296,16
41.4359373,Pi pinyoner; pi pinyer,0000401AR,"Central de Nou Barris, Parc","C\ Vilalba dels Arcs, 6",,NOU BARRIS,ARBRE ZONA,Pino piñonero,LA GUINEUETA,POINT (430595.882005068 4587485.06174444),Pinus pinea,430595.882,,48,2.1692640,8,GOTEIG,TERCERA,108,,4587485.062,17
41.4359696,Pi pinyoner; pi pinyer,0000402AR,"Central de Nou Barris, Parc","C\ Vilalba dels Arcs, 6",,NOU BARRIS,ARBRE ZONA,Pino piñonero,LA GUINEUETA,POINT (430601.340579817 4587488.59649886),Pinus pinea,430601.341,,48,2.1693290,8,GOTEIG,SEGONA,108,,4587488.596,18
41.4359307,Pi pinyoner; pi pinyer,0000403AR,"Central de Nou Barris, Parc","C\ Vilalba dels Arcs, 6",,NOU BARRIS,ARBRE ZONA,Pino piñonero,LA GUINEUETA,POINT (430600.458338219 4587484.28304329),Pinus pinea,430600.458,,48,2.1693189,8,GOTEIG,TERCERA,108,,4587484.283,19
41.4359610,Pi pinyoner; pi pinyer,0000404AR,"Central de Nou Barris, Parc","C\ Vilalba dels Arcs, 6",,NOU BARRIS,ARBRE ZONA,Pino piñonero,LA GUINEUETA,POINT (430606.233040297 4587487.58966982),Pinus pinea,430606.233,,48,2.1693876,8,GOTEIG,TERCERA,108,,4587487.590,20
41.4359251,Pi pinyoner; pi pinyer,0000405AR,"Central de Nou Barris, Parc","C\ Vilalba dels Arcs, 6",,NOU BARRIS,ARBRE ZONA,Pino piñonero,LA GUINEUETA,POINT (430605.596489686 4587483.6160741),Pinus pinea,430605.596,,48,2.1693805,8,GOTEIG,SEGONA,108,,4587483.616,21
41.4359576,Pi pinyoner; pi pinyer,0000406AR,"Central de Nou Barris, Parc","C\ Vilalba dels Arcs, 6",,NOU BARRIS,ARBRE ZONA,Pino piñonero,LA GUINEUETA,POINT (430610.883044312 4587487.16863388),Pinus pinea,430610.883,,48,2.1694433,8,GOTEIG,TERCERA,108,,4587487.169,22
41.4359217,Pi pinyoner; pi pinyer,0000407AR,"Central de Nou Barris, Parc","C\ Vilalba dels Arcs, 4",,NOU BARRIS,ARBRE ZONA,Pino piñonero,LA GUINEUETA,POINT (430610.502013493 4587483.1846306),Pinus pinea,430610.502,,48,2.1694392,8,GOTEIG,SEGONA,108,,4587483.185,23
41.4359504,Pi pinyoner; pi pinyer,0000408AR,"Central de Nou Barris, Parc","C\ Vilalba dels Arcs, 4",,NOU BARRIS,ARBRE ZONA,Pino piñonero,LA GUINEUETA,POINT (430615.935045703 4587486.31959424),Pinus pinea,430615.935,,48,2.1695039,8,GOTEIG,SEGONA,108,,4587486.320,24
41.4359177,Pi pinyoner; pi pinyer,0000409AR,"Central de Nou Barris, Parc","C\ Vilalba dels Arcs, 4",,NOU BARRIS,ARBRE ZONA,Pino piñonero,LA GUINEUETA,POINT (430615.355017299 4587482.69459302),Pinus pinea,430615.355,,48,2.1694974,8,GOTEIG,PRIMERA,108,,4587482.695,25
41.4359439,Pi pinyoner; pi pinyer,0000410AR,"Central de Nou Barris, Parc","C\ Vilalba dels Arcs, 4",,NOU BARRIS,ARBRE ZONA,Pino piñonero,LA GUINEUETA,POINT (430621.120347063 4587485.55228174),Pinus pinea,430621.120,,48,2.1695660,8,GOTEIG,TERCERA,108,,4587485.552,26
41.4359113,Pi pinyoner; pi pinyer,0000411AR,"Central de Nou Barris, Parc","C\ Vilalba dels Arcs, 4",,NOU BARRIS,ARBRE ZONA,Pino piñonero,LA GUINEUETA,POINT (430620.616019719 4587481.93855193),Pinus pinea,430620.616,,48,2.1695604,8,GOTEIG,SEGONA,108,,4587481.939,27
41.4359393,Pi pinyoner; pi pinyer,0000412AR,"Central de Nou Barris, Parc","C\ Vilalba dels Arcs, 4",,NOU BARRIS,ARBRE ZONA,Pino piñonero,LA GUINEUETA,POINT (430625.999999952 4587484.99999993),Pinus pinea,430626.000,,48,2.1696245,8,GOTEIG,EXEMPLAR,108,,4587485.000,28
41.4359081,Pi pinyoner; pi pinyer,0000413AR,"Central de Nou Barris, Parc","C\ Vilalba dels Arcs, 4",,NOU BARRIS,ARBRE ZONA,Pino piñonero,LA GUINEUETA,POINT (430625.335638775 4587481.54035138),Pinus pinea,430625.336,,48,2.1696169,8,GOTEIG,SEGONA,108,,4587481.540,29
41.4359353,Pi pinyoner; pi pinyer,0000414AR,"Central de Nou Barris, Parc","C\ Vilalba dels Arcs, 4",,NOU BARRIS,ARBRE ZONA,Pino piñonero,LA GUINEUETA,POINT (430630.773054974 4587484.50947885),Pinus pinea,430630.773,,48,2.1696817,8,GOTEIG,TERCERA,108,,4587484.509,30
41.4359042,Pi pinyoner; pi pinyer,0000415AR,"Central de Nou Barris, Parc","C\ Vilalba dels Arcs, 4",,NOU BARRIS,ARBRE ZONA,Pino piñonero,LA GUINEUETA,POINT (430630.111552553 4587481.05469748),Pinus pinea,430630.112,,48,2.1696742,8,GOTEIG,SEGONA,108,,4587481.055,31
41.4359341,Pi pinyoner; pi pinyer,0000416AR,"Central de Nou Barris, Parc","C\ Vilalba dels Arcs, 4",,NOU BARRIS,ARBRE ZONA,Pino piñonero,LA GUINEUETA,POINT (430635.170219196 4587484.33429476),Pinus pinea,430635.170,,48,2.1697343,8,GOTEIG,EXEMPLAR,108,,4587484.334,32
41.4359076,Pi pinyoner; pi pinyer,0000417AR,"Central de Nou Barris, Parc","C\ Borgonya, 10",,NOU BARRIS,ARBRE ZONA,Pino piñonero,LA GUINEUETA,POINT (430590.92262688 4587481.80928545),Pinus pinea,430590.923,,48,2.1692050,8,GOTEIG,EXEMPLAR,108,,4587481.809,33
41.4358702,Pi pinyoner; pi pinyer,0000418AR,"Central de Nou Barris, Parc","C\ Borgonya, 10",,NOU BARRIS,ARBRE ZONA,Pino piñonero,LA GUINEUETA,POINT (430590.269786171 4587477.66445423),Pinus pinea,430590.270,,48,2.1691977,8,GOTEIG,EXEMPLAR,108,,4587477.664,34
41.4366151,washingtònia de Califòrnia,0000631AR,"Central de Nou Barris, Parc","Pl Major de Nou Barris, 0",,NOU BARRIS,PALMERA ZONA,Washingtonia; palmera de abanico de California,LA GUINEUETA,POINT (430725.15027111 4587559.08182284),Washingtonia filifera,430725.150,,48,2.1708027,8,GOTEIG,EXEMPLAR,620,,4587559.082,35
41.4365382,Palmera de Canaries; palmera de Canàries,0000632AR,"Central de Nou Barris, Parc","Pl Major de Nou Barris, 0",,NOU BARRIS,PALMERA ZONA,Palmera canaria,LA GUINEUETA,POINT (430722.700760564 4587550.56135238),Phoenix canariensis,430722.701,,48,2.1707743,8,ASPERSIÓ,SEGONA,47,,4587550.561,36
41.4365129,washingtònia de Califòrnia,0000634AR,"Central de Nou Barris, Parc","Pl Major de Nou Barris, 0",,NOU BARRIS,PALMERA ZONA,Washingtonia; palmera de abanico de California,LA GUINEUETA,POINT (430727.183684008 4587547.71284532),Washingtonia filifera,430727.184,,48,2.1708283,8,ASPERSIÓ,EXEMPLAR,620,,4587547.713,37
41.4366744,washingtònia de Califòrnia,0000635AR,"Central de Nou Barris, Parc","Pl Major de Nou Barris, 0",,NOU BARRIS,PALMERA ZONA,Washingtonia; palmera de abanico de California,LA GUINEUETA,POINT (430764.497758163 4587565.28477213),Washingtonia filifera,430764.498,,48,2.1712729,8,GOTEIG,EXEMPLAR,620,,4587565.285,38
41.4366530,washingtònia de Califòrnia,0000639AR,"Central de Nou Barris, Parc","Pl Major de Nou Barris, 0",,NOU BARRIS,PALMERA ZONA,Washingtonia; palmera de abanico de California,LA GUINEUETA,POINT (430772.469838504 4587562.83021905),Washingtonia filifera,430772.470,,48,2.1713686,8,GOTEIG,EXEMPLAR,620,,4587562.830,39
41.4354739,Tipuana,0001140AR,"Central de Nou Barris, Parc","Pg Urrutia, 70",,NOU BARRIS,ARBRE ZONA,Palo rosa; tipa blanca,CAN PEGUERA,POINT (430486.201119027 4587434.66485769),Tipuana tipu,430486.201,,47,2.1679571,8,DIFUSIÓ,EXEMPLAR,563,,4587434.665,40
41.4355058,Tipuana,0001141AR,"Central de Nou Barris, Parc","Pl César Vallejo, 1",,NOU BARRIS,ARBRE ZONA,Palo rosa; tipa blanca,CAN PEGUERA,POINT (430487.531930301 4587438.19757457),Tipuana tipu,430487.532,,47,2.1679727,8,DIFUSIÓ,TERCERA,563,,4587438.198,41
41.4354578,Magnòlia,0001144AR,"Central de Nou Barris, Parc","Pl César Vallejo, 1",,NOU BARRIS,ARBRE ZONA,Magnolio; magnolio común,CAN PEGUERA,POINT (430488.188118024 4587432.85922773),Magnolia grandiflora,430488.188,,47,2.1679811,8,DIFUSIÓ,SEGONA,694,,4587432.859,42
41.4355023,Magnòlia,0001145AR,"Central de Nou Barris, Parc","Pl César Vallejo, 1",,NOU BARRIS,ARBRE ZONA,Magnolio; magnolio común,CAN PEGUERA,POINT (430490.523836318 4587437.77785463),Magnolia grandiflora,430490.524,,47,2.1680085,8,DIFUSIÓ,PRIMERA,694,,4587437.778,43
41.4358309,Tipuana,0001148AR,"Central de Nou Barris, Parc","C\ Vilalba dels Arcs, 45",,NOU BARRIS,ARBRE ZONA,Palo rosa; tipa blanca,CAN PEGUERA,POINT (430481.665962319 4587474.3503523),Tipuana tipu,430481.666,,47,2.1678983,8,DIFUSIÓ,EXEMPLAR,563,,4587474.350,44
41.4354638,Magnòlia,0001150AR,"Central de Nou Barris, Parc","Pl César Vallejo, 1",,NOU BARRIS,ARBRE ZONA,Magnolio; magnolio común,CAN PEGUERA,POINT (430497.238208586 4587433.43285316),Magnolia grandiflora,430497.238,,47,2.1680894,8,DIFUSIÓ,SEGONA,694,,4587433.433,45
41.4354713,Magnòlia,0001151AR,"Central de Nou Barris, Parc","Pl César Vallejo, 0",,NOU BARRIS,ARBRE ZONA,Magnolio; magnolio común,CAN PEGUERA,POINT (430499.074330611 4587434.24828999),Magnolia grandiflora,430499.074,,47,2.1681112,8,DIFUSIÓ,SEGONA,694,,4587434.248,46
41.4354407,Magnòlia,0001152AR,"Central de Nou Barris, Parc","Pl César Vallejo, 1",,NOU BARRIS,ARBRE ZONA,Magnolio; magnolio común,CAN PEGUERA,POINT (430497.639525587 4587430.86945494),Magnolia grandiflora,430497.640,,47,2.1680945,8,DIFUSIÓ,SEGONA,694,,4587430.869,47
41.4353527,Pi blanc,0001153AR,"Central de Nou Barris, Parc","Pl César Vallejo, 1",,NOU BARRIS,ARBRE ZONA,Pino carrasco,CAN PEGUERA,POINT (430518.37478426 4587420.89729948),Pinus halepensis,430518.375,,47,2.1683438,8,DIFUSIÓ,EXEMPLAR,99,,4587420.897,48
41.4353073,Pi blanc,0001155AR,"Central de Nou Barris, Parc","Pl César Vallejo, 1",,NOU BARRIS,ARBRE ZONA,Pino carrasco,CAN PEGUERA,POINT (430517.254818264 4587415.87082569),Pinus halepensis,430517.255,,47,2.1683309,8,GOTEIG,EXEMPLAR,99,,4587415.871,49
41.4352798,Pi blanc,0001157AR,"Central de Nou Barris, Parc","Pl César Vallejo, 1",,NOU BARRIS,ARBRE ZONA,Pino carrasco,CAN PEGUERA,POINT (430526.716928985 4587412.72338791),Pinus halepensis,430526.717,,47,2.1684446,8,GOTEIG,EXEMPLAR,99,,4587412.723,50
41.4358299,Pi blanc,0001158AR,"Central de Nou Barris, Parc","C\ Vilalba dels Arcs, 6",,NOU BARRIS,ARBRE ZONA,Pino carrasco,LA GUINEUETA,POINT (430495.386713115 4587474.10747318),Pinus halepensis,430495.387,,48,2.1680625,8,GOTEIG,TERCERA,99,,4587474.107,51
41.4357606,Pi blanc,0001159AR,"Central de Nou Barris, Parc","C\ Vilalba dels Arcs, 6",,NOU BARRIS,ARBRE ZONA,Pino carrasco,LA GUINEUETA,POINT (430502.614978735 4587466.34009791),Pinus halepensis,430502.615,,48,2.1681499,8,DIFUSIÓ,EXEMPLAR,99,,4587466.340,52
41.4357133,Pi blanc,0001160AR,"Central de Nou Barris, Parc","C\ Vilalba dels Arcs, 6",,NOU BARRIS,ARBRE ZONA,Pino carrasco,LA GUINEUETA,POINT (430507.004875644 4587461.04502159),Pinus halepensis,430507.005,,48,2.1682031,8,DIFUSIÓ,EXEMPLAR,99,,4587461.045,53
41.4356267,Magnòlia,0001161AR,"Central de Nou Barris, Parc","C\ Vilalba dels Arcs, 6",,NOU BARRIS,ARBRE ZONA,Magnolio; magnolio común,CAN PEGUERA,POINT (430495.768711925 4587451.54120921),Magnolia grandiflora,430495.769,,47,2.1680697,8,DIFUSIÓ,SEGONA,694,,4587451.541,54
41.4356156,Magnòlia,0001162AR,"Central de Nou Barris, Parc","C\ Vilalba dels Arcs, 6",,NOU BARRIS,ARBRE ZONA,Magnolio; magnolio común,CAN PEGUERA,POINT (430499.787638771 4587450.26360667),Magnolia grandiflora,430499.788,,47,2.1681179,8,DIFUSIÓ,SEGONA,694,,4587450.264,55
41.4355626,Tipuana,0001163AR,"Central de Nou Barris, Parc","C\ Vilalba dels Arcs, 6",,NOU BARRIS,ARBRE ZONA,Palo rosa; tipa blanca,CAN PEGUERA,POINT (430513.893295919 4587444.24708156),Tipuana tipu,430513.893,,47,2.1682875,8,DIFUSIÓ,EXEMPLAR,563,,4587444.247,56
41.4355725,Magnòlia,0001164AR,"Central de Nou Barris, Parc","C\ Vilalba dels Arcs, 6",,NOU BARRIS,ARBRE ZONA,Magnolio; magnolio común,LA GUINEUETA,POINT (430518.072111375 4587445.3093407),Magnolia grandiflora,430518.072,,48,2.1683373,8,DIFUSIÓ,SEGONA,694,,4587445.309,57
41.4354483,Tipuana,0001165AR,"Central de Nou Barris, Parc","Pg Urrutia, 68",,NOU BARRIS,ARBRE ZONA,Palo rosa; tipa blanca,CAN PEGUERA,POINT (430476.731342959 4587431.91776858),Tipuana tipu,430476.731,,47,2.1678441,8,DIFUSIÓ,EXEMPLAR,563,,4587431.918,58
41.4354280,Magnòlia,0001166AR,"Central de Nou Barris, Parc","Pg Urrutia, 68",,NOU BARRIS,ARBRE ZONA,Magnolio; magnolio común,CAN PEGUERA,POINT (430477.919954395 4587429.64586096),Magnolia grandiflora,430477.920,,47,2.1678586,8,DIFUSIÓ,SEGONA,694,,4587429.646,59
41.4358038,Tipuana,0001173AR,"Central de Nou Barris, Parc","C\ Vilalba dels Arcs, 1",,NOU BARRIS,ARBRE ZONA,Palo rosa; tipa blanca,CAN PEGUERA,POINT (430484.986728788 4587471.30956454),Tipuana tipu,430484.987,,47,2.1679384,8,DIFUSIÓ,TERCERA,563,,4587471.310,60
41.4371881,washingtònia de Califòrnia,0001327AR,"Regidoria Nou Barris (Pi i Molist, c.)","E.A. Seu Dte Nou Barris, 0",,NOU BARRIS,PALMERA ZONA,Washingtonia; palmera de abanico de California,LA GUINEUETA,POINT (430729.827404476 4587622.64925205),Washingtonia filifera,430729.827,,48,2.1708514,8,GOTEIG,EXEMPLAR,620,,4587622.649,61
41.4371379,washingtònia de Califòrnia,0001329AR,"Regidoria Nou Barris (Pi i Molist, c.)","E.A. Seu Dte Nou Barris, 1",,NOU BARRIS,PALMERA ZONA,Washingtonia; palmera de abanico de California,LA GUINEUETA,POINT (430764.126292643 4587616.7488677),Washingtonia filifera,430764.126,,48,2.1712625,8,GOTEIG,EXEMPLAR,620,,4587616.749,62
41.4372699,washingtònia de Califòrnia,0001331AR,"Regidoria Nou Barris (Pi i Molist, c.)","E.A. Seu Dte Nou Barris, 0",,NOU BARRIS,PALMERA ZONA,Washingtonia; palmera de abanico de California,LA GUINEUETA,POINT (430744.832702568 4587631.59646236),Washingtonia filifera,430744.833,,48,2.1710299,8,GOTEIG,TERCERA,620,,4587631.596,63
41.4373272,washingtònia de Mèxic,0001332AR,"Regidoria Nou Barris (Pi i Molist, c.)","E.A. Seu Dte Nou Barris, 0",,NOU BARRIS,PALMERA ZONA,Palmera de abanico mejicana; palmera de abanico de México,LA GUINEUETA,POINT (430752.63440758 4587637.875792),Washingtonia filifera var. robusta,430752.634,2024-11-18T00:00:00,48,2.1711226,8,GOTEIG,PRIMERA,621,,4587637.876,64
41.4371609,washingtònia de Califòrnia,0001333AR,"Regidoria Nou Barris (Pi i Molist, c.)","E.A. Seu Dte Nou Barris, 1",,NOU BARRIS,PALMERA ZONA,Washingtonia; palmera de abanico de California,LA GUINEUETA,POINT (430762.701724873 4587619.31376688),Washingtonia filifera,430762.702,,48,2.1712452,8,GOTEIG,EXEMPLAR,620,,4587619.314,65
41.4372326,washingtònia de Califòrnia,0001334AR,"Regidoria Nou Barris (Pi i Molist, c.)","E.A. Seu Dte Nou Barris, 0",,NOU BARRIS,PALMERA ZONA,Washingtonia; palmera de abanico de California,LA GUINEUETA,POINT (430733.803300097 4587627.55791889),Washingtonia filifera,430733.803,,48,2.1708984,8,GOTEIG,EXEMPLAR,620,,4587627.558,66
41.4371089,washingtònia de Califòrnia,0001336AR,"Regidoria Nou Barris (Pi i Molist, c.)","E.A. Seu Dte Nou Barris, 1",,NOU BARRIS,PALMERA ZONA,Washingtonia; palmera de abanico de California,LA GUINEUETA,POINT (430760.524952573 4587613.56223174),Washingtonia filifera,430760.525,,48,2.1712198,8,GOTEIG,EXEMPLAR,620,,4587613.562,67
41.4370299,margalló de la Xina,0001337AR,"Regidoria Nou Barris (Pi i Molist, c.)","E.A. Seu Dte Nou Barris, 0",,NOU BARRIS,PALMERA ZONA,Palmito elevado,LA GUINEUETA,POINT (430737.941102744 4587605.01389593),Trachycarpus fortunei,430737.941,2020-09-30T00:00:00,48,2.1709505,8,GOTEIG,TERCERA,566,,4587605.014,68
41.4373768,Plàtan,0001475AR,"Ca n'Ensenya, pl.","Pl Ca n'Ensenya, 0",,NOU BARRIS,ARBRE ZONA,Plátano,LA GUINEUETA,POINT (430583.999999952 4587644.99999993),Platanus × acerifolia,430584.000,,48,2.1691035,8,ASPERSIÓ,EXEMPLAR,126,,4587645.000,98
41.4372452,washingtònia de Califòrnia,0001338AR,"Regidoria Nou Barris (Pi i Molist, c.)","E.A. Seu Dte Nou Barris, 0",,NOU BARRIS,PALMERA ZONA,Washingtonia; palmera de abanico de California,LA GUINEUETA,POINT (430729.762997539 4587628.98873412),Washingtonia filifera,430729.763,,48,2.1708499,8,GOTEIG,EXEMPLAR,620,,4587628.989,69
41.4371218,washingtònia de Califòrnia,0001340AR,"Regidoria Nou Barris (Pi i Molist, c.)","E.A. Seu Dte Nou Barris, 1",,NOU BARRIS,PALMERA ZONA,Washingtonia; palmera de abanico de California,LA GUINEUETA,POINT (430762.709834119 4587614.97484119),Washingtonia filifera,430762.710,,48,2.1712458,8,GOTEIG,EXEMPLAR,620,,4587614.975,70
41.4370830,washingtònia de Califòrnia,0001342AR,"Regidoria Nou Barris (Pi i Molist, c.)","E.A. Seu Dte Nou Barris, 1",,NOU BARRIS,PALMERA ZONA,Washingtonia; palmera de abanico de California,LA GUINEUETA,POINT (430764.61017383 4587610.65213984),Washingtonia filifera,430764.610,,48,2.1712690,8,GOTEIG,EXEMPLAR,620,,4587610.652,71
41.4371899,washingtònia de Califòrnia,0001345AR,"Regidoria Nou Barris (Pi i Molist, c.)","E.A. Seu Dte Nou Barris, 0",,NOU BARRIS,PALMERA ZONA,Washingtonia; palmera de abanico de California,LA GUINEUETA,POINT (430732.844831937 4587622.82943738),Washingtonia filifera,430732.845,,48,2.1708875,8,GOTEIG,EXEMPLAR,620,,4587622.829,72
41.4373126,Palma d'Alexandria,0001346AR,"Regidoria Nou Barris (Pi i Molist, c.)","E.A. Seu Dte Nou Barris, 0",,NOU BARRIS,PALMERA ZONA,Palma de Alejandría; Palma real de Australia,LA GUINEUETA,POINT (430742.015532488 4587636.35986246),Archontophoenix alexandrae,430742.016,2026-06-10T00:00:00,48,2.1709957,8,GOTEIG,PRIMERA,5095,,4587636.360,73
41.4372545,Palmera datilera; palmera de dàtils,0001348AR,"Regidoria Nou Barris (Pi i Molist, c.)","E.A. Seu Dte Nou Barris, 0",,NOU BARRIS,PALMERA ZONA,Palmera datilera,LA GUINEUETA,POINT (430751.073996764 4587629.82717665),Phoenix dactylifera,430751.074,,48,2.1711048,8,GOTEIG,TERCERA,48,,4587629.827,74
41.4370136,Palmera de Cunningham,0001349AR,"Regidoria Nou Barris (Pi i Molist, c.)","E.A. Seu Dte Nou Barris, 0",,NOU BARRIS,PALMERA ZONA,Palmera de Cunningham,LA GUINEUETA,POINT (430740.052161451 4587603.17991272),Archontophoenix cunninghamiana,430740.052,2020-10-02T00:00:00,48,2.1709760,8,GOTEIG,PRIMERA,2080,,4587603.180,75
41.4372534,washingtònia de Califòrnia,0001350AR,"Regidoria Nou Barris (Pi i Molist, c.)","E.A. Seu Dte Nou Barris, 0",,NOU BARRIS,PALMERA ZONA,Washingtonia; palmera de abanico de California,LA GUINEUETA,POINT (430733.103316584 4587629.87392779),Washingtonia filifera,430733.103,,48,2.1708897,8,GOTEIG,EXEMPLAR,620,,4587629.874,76
41.4372922,palmera de la reina,0001352AR,"Regidoria Nou Barris (Pi i Molist, c.)","E.A. Seu Dte Nou Barris, 0",,NOU BARRIS,PALMERA ZONA,palmera pindó,LA GUINEUETA,POINT (430757.732385657 4587633.94474723),Syagrus romanzoffiana,430757.732,2020-09-30T00:00:00,48,2.1711841,8,GOTEIG,PRIMERA,485,,4587633.945,77
41.4372130,Palmera datilera; palmera de dàtils,0001354AR,"Regidoria Nou Barris (Pi i Molist, c.)","E.A. Seu Dte Nou Barris, 0",,NOU BARRIS,PALMERA ZONA,Palmera datilera,LA GUINEUETA,POINT (430756.251053846 4587625.16740226),Phoenix dactylifera,430756.251,,48,2.1711673,8,GOTEIG,EXEMPLAR,48,,4587625.167,78
41.4371384,Palmera de Canaries; palmera de Canàries,0001355AR,"Regidoria Nou Barris (Pi i Molist, c.)","E.A. Seu Dte Nou Barris, 0",,NOU BARRIS,PALMERA ZONA,Palmera canaria,LA GUINEUETA,POINT (430734.282709775 4587617.0910643),Phoenix canariensis,430734.283,,48,2.1709053,8,GOTEIG,SEGONA,47,,4587617.091,79
41.4369978,margalló de la Xina,0001356AR,"Regidoria Nou Barris (Pi i Molist, c.)","E.A. Seu Dte Nou Barris, 0",,NOU BARRIS,PALMERA ZONA,Palmito elevado,LA GUINEUETA,POINT (430738.22100895 4587601.44751601),Trachycarpus fortunei,430738.221,,48,2.1709543,8,GOTEIG,TERCERA,566,,4587601.448,80
41.4374333,Plàtan,0001408AR,"Ca n'Ensenya, pl.","Pl Ca n'Ensenya, 0",,NOU BARRIS,ARBRE ZONA,Plátano,LA GUINEUETA,POINT (430576.578236809 4587651.34414871),Platanus × acerifolia,430576.578,,48,2.1690139,8,ASPERSIÓ,TERCERA,126,,4587651.344,81
41.4374532,Pi blanc,0001413AR,"Ca n'Ensenya, pl.","Pl Ca n'Ensenya, 0",,NOU BARRIS,ARBRE ZONA,Pino carrasco,LA GUINEUETA,POINT (430648.566359973 4587652.86660486),Pinus halepensis,430648.566,,48,2.1698753,8,ASPERSIÓ,EXEMPLAR,99,,4587652.867,82
41.4373185,Ailant,0001414AR,"Ca n'Ensenya, pl.","Pl Ca n'Ensenya, 0",,NOU BARRIS,ARBRE ZONA,Ailanto; árbol del cielo,LA GUINEUETA,POINT (430621.937207106 4587638.16078411),Ailanthus altissima,430621.937,,48,2.1695583,8,ASPERSIÓ,EXEMPLAR,899,,4587638.161,83
41.4373428,Ailant,0001417AR,"Ca n'Ensenya, pl.","Pl Ca n'Ensenya, 0",,NOU BARRIS,ARBRE ZONA,Ailanto; árbol del cielo,LA GUINEUETA,POINT (430619.502223984 4587640.88280681),Ailanthus altissima,430619.502,,48,2.1695288,8,ASPERSIÓ,EXEMPLAR,899,,4587640.883,84
41.4375784,Pollancre gavatx,0001418AR,"Ca n'Ensenya, pl.","Pl Ca n'Ensenya, 0",,NOU BARRIS,ARBRE ZONA,Chopo lombardo,LA GUINEUETA,POINT (430698.182538744 4587666.28924921),Populus nigra 'Italica',430698.183,,48,2.1704676,8,ASPERSIÓ,EXEMPLAR,152,,4587666.289,85
41.4375049,Negundo,0001419AR,"Ca n'Ensenya, pl.","Pl Ca n'Ensenya, 0",,NOU BARRIS,ARBRE ZONA,Arce negundo; Negundo,LA GUINEUETA,POINT (430631.166234957 4587658.76814234),Acer negundo,430631.166,,48,2.1696664,8,ASPERSIÓ,EXEMPLAR,840,,4587658.768,86
41.4374571,Acàcia taperera,0001423AR,"Ca n'Ensenya, pl.","Pl Ca n'Ensenya, 0",,NOU BARRIS,ARBRE ZONA,Acacia de Constantinopla,LA GUINEUETA,POINT (430566.303241715 4587654.09023093),Albizia julibrissin,430566.303,2026-04-29T00:00:00,48,2.1688906,8,ASPERSIÓ,PRIMERA,903,,4587654.090,87
41.4374293,Acàcia taperera,0001430AR,"Ca n'Ensenya, pl.","C\ Marie Curie, 4",,NOU BARRIS,ARBRE ZONA,Acacia de Constantinopla,LA GUINEUETA,POINT (430566.832766211 4587650.99353365),Albizia julibrissin,430566.833,2026-04-29T00:00:00,48,2.1688973,8,ASPERSIÓ,PRIMERA,903,,4587650.994,88
41.4373298,Magnòlia,0001433AR,"Ca n'Ensenya, pl.","Pl Ca n'Ensenya, 0",,NOU BARRIS,ARBRE ZONA,Magnolio; magnolio común,LA GUINEUETA,POINT (430638.016240426 4587639.26666383),Magnolia grandiflora,430638.016,,48,2.1697506,8,ASPERSIÓ,SEGONA,694,,4587639.267,89
41.4373678,Acàcia taperera,0001442AR,"Ca n'Ensenya, pl.","C\ Marie Curie, 4",,NOU BARRIS,ARBRE ZONA,Acacia de Constantinopla,LA GUINEUETA,POINT (430572.411478824 4587644.11916074),Albizia julibrissin,430572.411,2026-04-29T00:00:00,48,2.1689649,8,ASPERSIÓ,PRIMERA,903,,4587644.119,90
41.4376368,Pi blanc,0001444AR,"Ca n'Ensenya, pl.","Pl Ca n'Ensenya, 0",,NOU BARRIS,ARBRE ZONA,Pino carrasco,LA GUINEUETA,POINT (430674.999999953 4587672.99999993),Pinus halepensis,430675.000,,48,2.1701894,8,ASPERSIÓ,EXEMPLAR,99,,4587673.000,91
41.4373617,Magnòlia,0001447AR,"Ca n'Ensenya, pl.","Pl Ca n'Ensenya, 0",,NOU BARRIS,ARBRE ZONA,Magnolio; magnolio común,LA GUINEUETA,POINT (430659.343298773 4587642.59850717),Magnolia grandiflora,430659.343,2014-02-27T00:00:00,48,2.1700055,8,MÀNEGA,PRIMERA,694,,4587642.599,92
41.4377003,Pi blanc,0001451AR,"Ca n'Ensenya, pl.","Pl Ca n'Ensenya, 0",,NOU BARRIS,ARBRE ZONA,Pino carrasco,LA GUINEUETA,POINT (430679.999999953 4587679.99999993),Pinus halepensis,430680.000,,48,2.1702484,8,ASPERSIÓ,EXEMPLAR,99,,4587680.000,93
41.4380707,Pi blanc,0001461AR,"Ca n'Ensenya, pl.","Pl Ca n'Ensenya, 0",,NOU BARRIS,ARBRE ZONA,Pino carrasco,LA GUINEUETA,POINT (430710.100019066 4587720.83955373),Pinus halepensis,430710.100,,48,2.1706040,8,ASPERSIÓ,SEGONA,99,,4587720.840,94
41.4376281,Pi blanc,0001465AR,"Ca n'Ensenya, pl.","Pl Ca n'Ensenya, 0",,NOU BARRIS,ARBRE ZONA,Pino carrasco,LA GUINEUETA,POINT (430677.999999953 4587671.99999993),Pinus halepensis,430678.000,,48,2.1702254,8,ASPERSIÓ,EXEMPLAR,99,,4587672.000,95
41.4375294,Magnòlia,0001468AR,"Ca n'Ensenya, pl.","Pl Ca n'Ensenya, 0",,NOU BARRIS,ARBRE ZONA,Magnolio; magnolio común,LA GUINEUETA,POINT (430706.402 4587660.773),Magnolia grandiflora,430706.402,,48,2.1705666,8,MÀNEGA,TERCERA,694,POTABLE,4587660.773,96
41.4374077,Pi blanc,0001474AR,"Ca n'Ensenya, pl.","Pl Ca n'Ensenya, 0",,NOU BARRIS,ARBRE ZONA,Pino carrasco,LA GUINEUETA,POINT (430640.134309213 4587647.89966114),Pinus halepensis,430640.134,,48,2.1697750,8,ASPERSIÓ,EXEMPLAR,99,,4587647.900,97
41.4375861,Magnòlia,0001478AR,"Ca n'Ensenya, pl.","Pl Ca n'Ensenya, 0",,NOU BARRIS,ARBRE ZONA,Magnolio; magnolio común,LA GUINEUETA,POINT (430708.332 4587667.048),Magnolia grandiflora,430708.332,2024-09-04T00:00:00,48,2.1705890,8,GOTEIG,PRIMERA,694,POTABLE,4587667.048,99
41.4374006,Acàcia taperera,0001479AR,"Ca n'Ensenya, pl.","Pl Ca n'Ensenya, 1",,NOU BARRIS,ARBRE ZONA,Acacia de Constantinopla,LA GUINEUETA,POINT (430562.632188707 4587647.85424912),Albizia julibrissin,430562.632,2026-04-29T00:00:00,48,2.1688474,8,ASPERSIÓ,PRIMERA,903,,4587647.854,100
